ID,Title,Date,Tags,expost_source_url,dsq_thread_id,Author Username,Slug,Comment Status,Ping Status,Post Modified Date,Status
14,How To Do What You Want: Akrasia and Self-Binding,2011-01-24,akrasia|bee-all|best-of|commitment devices|FAQ|psychology|rationality|science|self-binding,http://padm.us/beemblog-akrasia,254870823,dreeves,akrasia,closed,closed,2020-11-29,publish
130,"Weight Loss: Really Easy, Really Hard",2011-02-02,food|tips|weight loss,http://padm.us/beemblog-easyhard,254870799,melza,easyhard,open,open,2014-03-15,publish
156,Making Change Happen,2100-02-12,motivation|psychology|weight loss,http://padm.us/beemblog-change,265339363,melza,,open,open,2016-04-20,pending
165,No Preemptive Eating,2011-02-20,food|tips|weight loss,http://padm.us/beemblog-preeat,254870820,dreeves,preeat,open,open,2011-10-16,publish
166,Food Habits,2011-03-01,food|guest posts|science|tips|weight loss,http://padm.us/foodrules,254870841,kmcgowan,foodhabits,open,open,2018-02-02,publish
170,Little Debbie Does Dog Food,2011-03-10,akrasia|bee-all|dog food|junk food|pica,http://padm.us/lildeb,254870829,dreeves,lildeb,open,open,2013-05-04,publish
174,To Buy or Not To Buy a Gym Membership,2011-03-22,akrasia|bee-all|fitness|guest posts|self-binding,http://padm.us/gym,259733346,jill,gym,open,open,2021-06-04,publish
177,Productivity Hack: The Sedimentary Filing System,2011-04-01,akrasia|bee-all|delayed commitment|lifehacks|productivity porn|rationality|science|tips,http://padm.us/sediment,267906445,dreeves,sediment,open,open,2013-05-08,publish
180,Case Study: Martin's Renovating,2011-04-10,akrasia|bee-all|case studies|self-binding,http://padm.us/martin,275758241,dreeves,martin,open,open,2013-05-04,publish
184,"What Happens When You Don't Report Your Weight; or, Driving Blind",2011-04-19,bee-all|case studies|integrations|science|tips|weight loss|withings,http://padm.us/beemblog-michelle,282988627,dreeves,blind,open,open,2016-03-18,publish
188,Beeminder on Rails,2011-04-29,bee-all|dog food|meta|navel-gazing|nerdery|rails|twitter,http://padm.us/beemblog-rails,291043558,dreeves,rails,open,open,2013-05-04,publish
192,Unintended Consequences,2011-05-23,akrasia|bee-all|best-of|economics|rationality|science|self-binding,http://padm.us/unintended,311094736,dreeves,unintended,open,open,2015-05-05,publish
195,Akratics Anonymous,2011-06-01,akrasia|bee-all|FAQ|mailing list|rationality|science|soup nazi,http://padm.us/akranon,319113220,dreeves,akratics,open,open,2022-04-29,publish
197,TimeCarrot = StickK + RescueTime,2011-06-10,akrasia|bee-all|competition|self-binding|tagtime,http://padm.us/timecarrot,,dreeves,timecarrot,closed,closed,2013-09-04,publish
200,BMNDR vs StickK,2011-06-16,bee-all|competition|guest posts|self-binding|stickk|weight loss,http://padm.us/joshstickk,333603477,guest,stickk,open,open,2013-05-04,publish
205,Summer Solstice PSA,2011-06-28,PSA|tips,http://padm.us/solstice,344717181,dreeves,solstice,open,open,2011-06-28,publish
207,"Force Majeure, Or Beeminder's SOS Clause",2011-07-01,akrasia|bee-all|commitment|commitment contracts|commitment devices|economics|FAQ|force majeure|science|sos|soup nazi,http://padm.us/sos,347409074,dreeves,sos,open,open,2015-11-27,publish
209,The Magical Widening Yellow Brick Road,2011-07-10,navel-gazing,http://padm.us/roadwidth,354767505,dreeves,roadwidth,open,open,2020-02-04,publish
212,Backfiring Workouts,2011-07-27,biochemistry|fitness|tips|weight loss|yellow brick road,http://padm.us/backfiring,369597162,dreeves,backfiring,open,open,2014-03-15,publish
218,The Road Dial and the Akrasia Horizon,2011-09-01,akrasia|akrasia horizon|bee-all|FAQ|force majeure|new features|rationality|road dial|science|self-binding|yellow brick road,http://padm.us/ahorizon,401516206,dreeves,dial,open,open,2018-07-30,publish
222,"The Name ""Beeminder""",2011-09-17,bee-all|FAQ|kibotzer|meta|naming|navel-gazing|nominology|onomastics,http://padm.us/beenamer,416958808,dreeves,beenamer,open,open,2020-10-06,publish
224,Buzzing BeeBot,2011-09-22,bot|new features|sms|text,padm.us/textbot,422655220,guest,textbot,open,open,2011-09-22,publish
227,Beeminder Open to the Public,2011-10-13,bee-all|beta|launch|navel-gazing,http://dtherpad.com/blaunch,441630906,queenbee,launch,open,closed,2013-05-04,publish
230,The Want-Can-Will Test for Akrasia,2011-10-24,akrasia|bee-all|behavioral economics|best-of|psychology|rationality|science,http://padm.us/wantcanwill,451615210,dreeves,wantcanwill,open,open,2015-04-07,publish
236,It's Chunky Time!,2011-11-03,akrasia|bee-all|best-of|FAQ|science|time|yellow brick road,http://dtherpad.com/chunky,460580204,dreeves,chunky,open,open,2019-04-05,publish
239,Dog Food Renewed,2011-11-14,akrasia|akrasia horizon|bee-all|case studies|commitment contracts|dog food|FAQ|meta|navel-gazing|paul graham|rationality|science|startups|yellow brick road,http://padm.us/blogdog,470987896,queenbee,blogdog,closed,closed,2015-07-21,publish
241,PSA: T Minus One Week to Thanksgiving,2011-11-18,akrasia horizon|bee-all|PSA|road dial|yellow brick road,http://padm.us/tgbee,475820575,dreeves,tg,open,open,2022-11-16,publish
244,Beeminder Dashboard Widget,2011-12-01,bee-all|dashboard widget|mac|new features,http://padm.us/bwidget,489162489,dreeves,widget,open,open,2013-05-04,publish
251,Trackers vs Lifehackers,2011-12-31,bee-all|competition|FAQ|graphing|lifehacks|productivity porn|quantified self|soup nazi|tracking,http://padm.us/trackhack,521816006,dreeves,trackhack,open,open,2014-04-16,publish
254,Quantified Self,2011-12-16,akrasia|bee-all|meta|qs|quantified self|quantifiedself|science,http://padm.us/qs,1869604291,dreeves,qs,closed,open,2014-10-01,publish
261,Aiding and Abetting,2012-01-15,bee-all|best-of|commitment devices|competition|competitors|dog food|homosexuality|startups|stickk|sushi,http://padm.us/competitors,539553304,dreeves,competitors,open,open,2023-06-01,publish
266,Jamming with Jake Jenkins,2012-01-25,akrasia|bee-all|case studies|dream come true|guest posts|guitar|science|SMART goals,http://padm.us/j2jenkins,551584152,j2j,j2j,open,open,2015-04-26,publish
271,Get Everything Done,2012-02-05,akrasia|bee-all|get everything done|mark forster|navel-gazing|productivity porn|rationality|sally field|science,padm.us/ged,564835516,dreeves,ged,open,open,2013-05-08,publish
276,Layaways and Lamentations,2012-02-14,akrasia|bee-all|commitment devices|james surowiecki|layaway|new yorker|rationality|recession|science|self-binding,http://padm.us/layaways,575312171,dreeves,layaways,open,open,2013-05-06,publish
280,Study Wizardry,2012-02-22,akrasia|bee-all|best-of|case studies|FAQ|gandalf|guest posts|rationality|science|students|studying,http://padm.us/gandalf,584708611,guest,gandalf,open,open,2015-04-07,publish
283,Beeminder Hits the Oregon Trail,2012-03-06,bee-all|navel-gazing|portland|portland seed fund,http://padm.us/bp,600090903,queenbee,beehive,open,open,2018-08-04,publish
288,Why Weigh (Daily)?,2012-03-19,bee-all|best-of|body fat|FAQ|fitness|science|tips|weight loss|yellow brick road,http://padm.us/weighly,616025779,melza,weighly,open,open,2019-12-25,publish
290,Flexible Self-Control,2012-03-26,akrasia|akrasia horizon|bee-all|best-of|commitment contracts|dog food|economics|irrationality|messy matters|rationality|science|yellow brick road,http://padm.us/bbah,624228778,dreeves,flexbind,open,open,2023-03-09,publish
294,Quantified Self Talk: Beeminding Beeminder,2012-04-12,bee-all|case studies|dog food|meta|navel-gazing|productivity porn|quantified self|rationality,http://padm.us/pdxqs,645984961,dreeves,pdxqs,open,open,2013-05-04,publish
301,Monkey Brains and Multiple Selves,2012-04-24,akrasia|bee-all|guest posts|monkeys|multiple selves|psychology|rationality|science,http://padm.us/lee,661739303,guest,monkey,open,open,2015-03-30,publish
303,Innocentive $10k Challenge: Increasing People's Ability to Start and Stay on Task,2012-05-03,adherence problem|akrasia|bee-all|blood sugar|healthcare|innocentive|medicine|money|science,http://padm.us/innocentive,674722905,dreeves,innocentive,open,open,2013-05-06,publish
311,Beeminder: Round Tuit Dispenser,2012-05-17,akrasia|bee-all|rationality,http://padm.us/tuit,692889113,dreeves,tuit,open,open,2018-10-01,publish
314,Getting Back On The Wagon,2012-05-25,akrasia|akrasia horizon|bee-all|case studies|commitment contracts|fine print|guest posts|new features|rationality|science|self-binding|weasels,http://padm.us/weasels,702864920,pjh,weasels,closed,closed,2016-09-07,publish
322,Birds and the Bees: Chirpify and Beeminder Shack Up,2012-06-03,chirpify|new features|startups|twitter|upstart labs,http://padm.us/chirpify,712287884,dreeves,chirpify,open,open,2014-08-05,publish
324,Portland Seed Fund Demo Day,2012-06-11,bee-all|navel-gazing|portland seed fund|psfdd|quantified self|upstart labs,http://padm.us/psfdd,720790283,queenbee,psfdd,open,open,2015-11-22,publish
344,Hammers and Chisels,2012-06-20,akrasia|bee-all|commitment devices|competition|gamification|psychology|quantified self|science|startups|stickk,http://padm.us/masochism,733576746,dreeves,lift,open,open,2015-01-14,publish
348,Press Roundup: What's the Buzz?,2012-06-30,bee-all|buzz|lifehacker|meta|navel-gazing|press|quantified self,http://padm.us/mindingpress,745766153,dreeves,buzz,open,open,2014-07-21,publish
353,Case Study: Triathlon Training,2012-07-10,bee-all|case studies|dog food|fitness|new york city|triathlon,http://padm.us/tri,758455442,queenbee,tri,open,open,2013-05-04,publish
368,Synonyms for Self-Binding,2012-07-21,akrasia|bee-all|best-of|competition|naming|nominology|psychology|rationality|science|self-binding|stickk|terminology,http://padm.us/synonyms,774124543,dreeves,synonyms,closed,closed,2021-12-04,publish
377,GymPact vs Beeminder,2012-08-01,adverse selection|akrasia|bee-all|competition|economics|science,http://padm.us/gympact,787921834,dreeves,gympact,open,open,2017-12-04,publish
381,"Beeminder: We Use That; or, WeUseThat: Beeminder",2012-08-09,bee-all|FAQ|meta|navel-gazing|startups|tech,http://padm.us/weusethat,798355606,queenbee,weusethat,open,open,2017-05-05,publish
388,Perverse Incentives and the Paradox of Beeminder's Sting,2012-08-19,akrasia|bee-all|best-of|dog food|FAQ|incentives|meta|money|navel-gazing|productivity|rationality|science,http://padm.us/perverse,810706697,dreeves,perverse,open,open,2016-09-30,publish
394,"Beeminder is S.M.A.R.T., Overcomes Bias",2012-08-23,akrasia|bee-all|best-of|commitment devices|economics|lifehacks|overcomingbias|psychology|rationality|road dial|science|self-binding|SMART goals|xkcd,http://padm.us/smart,815322998,dreeves,smart,open,open,2015-04-07,publish
397,Beeminder API,2012-09-05,api|bee-all|FAQ|gadgets|integrations|meta|quantified self,http://padm.us/blogapi,831518444,dreeves,api,open,open,2018-07-10,publish
403,Failing your Goals with Beeminder,2012-09-14,akrasia|anki|api|bee-all|case studies|guest posts|rationality|science,http://padm.us/pjf-anki,843294719,pjf,habits,open,open,2017-02-21,publish
407,Gmail Zero: Beeminding Your Inbox,2012-09-22,api|bee-all|email|integrations|kibotzer|productivity porn,http://padm.us/gmailzero,854201631,dreeves,gmailzero,open,open,2021-01-15,publish
410,The One Must-Do Task Each Day,2012-10-03,akrasia|bee-all|best-of|case studies|get everything done|guest posts|lifehacks|mark forster|productivity porn|rationality|road dial|science|time management|tips,http://padm.us/mustdo,863860326,alys,mustdo,closed,open,2020-08-14,publish
414,Destroy All!,2012-09-30,bee-all|bugs|meta|mongo|navel-gazing|nerdery|rails,http://padm.us/mongosad,865013461,dreeves,mongo,open,open,2013-05-04,publish
420,Launch Anniversary! How Crazy Are We Now?,2012-10-13,bee-all|lifecoaching|navel-gazing|rationality,http://padm.us/810,883033051,dreeves,one,open,open,2013-10-09,publish
428,Emergency TV Day,2012-10-24,akrasia|bee-all|case studies|dog food|lifehacks|productivity porn|rationality|science,http://padm.us/tv,897679151,dreeves,tv,open,open,2013-05-06,publish
432,Announcing the Beeminder Android and iPhone Apps,2012-10-25,android|api|apple|apps|bee-all|mobile,http://padm.us/beedroid,900467751,andrewpbrett,apps,open,open,2013-10-26,publish
437,Beeminder ♥ Trello,2012-10-29,api|bee-all|dog food|get everything done|integrations|meta|new features|productivity porn|trello,http://padm.us/trello,906113423,andrewpbrett,trello,open,open,2013-08-13,publish
441,Beemind Your NaNoWriMo Progress,2012-11-01,bee-all|nanowrimo|new features|writing,http://padm.us/nanowrimo,910166425,dreeves,nanowrimo,open,open,2020-10-30,publish
446,Beeminder ♥ Fitbit,2012-11-13,api|bee-all|fitbit|fitness|integrations|new features|quantified self,http://padm.us/fitbit,925285003,andrewpbrett,fitbit,open,open,2014-01-24,publish
452,Beeminder ♥ RescueTime,2012-11-27,api|bee-all|integrations|productivity|rescuetime|tagtime|time|time tracking,http://padm.us/rescuetime,935261584,andrewpbrett,rescuetime,open,open,2013-05-04,publish
459,Pledge Short-Circuiting,2012-12-09,akrasia|akrasia horizon|bee-all|commitment contracts|new features|science|stickk|yellow brick road,http://padm.us/scpd,965361988,dreeves,shortcircuit,open,open,2019-10-03,publish
462,Get the Jump on Your Resolutions,2012-12-21,akrasia|bee-all|guest posts|gym|productivity porn|resolutions|stickk,http://padm.us/resjump,985466731,pjh,resolutions,open,open,2013-05-06,publish
466,"Beeminder Buzz at 30,000 Feet, and other New Year's Coverage",2013-01-09,bee-all|buzz|meta|navel-gazing|press|resolutions,http://padm.us/buzz,1015023445,dreeves,southwest,open,open,2019-02-22,publish
470,"Everything is Amazing, Even Gratitude Journaling",2013-01-24,bee-all|case studies|guest posts|happiness|pollyanna|psychology|rationality|science,http://padm.us/gratitude,1043659131,dreeves,gratitude,open,open,2022-12-02,publish
472,"Beeminder Error in Your Favor, and Other Crashes of Ineptitude",2013-01-24,bee-all|bugs|meta|money|navel-gazing|nerdery|rails|resque,http://padm.us/ineptitude,1043720489,dreeves,ineptitude,open,open,2022-10-05,publish
478,Precommit to Recommit: The Third Great Beeminder Epiphany,2013-02-13,akrasia|akrasia horizon|bee-all|best-of|cranial silicosis|new features|rationality|road dial|science|self-binding|yellow brick road,http://padm.us/pcrc,1080056321,dreeves,recommit,open,open,2015-04-07,publish
484,Gitminder: Commit To Keep Coding,2013-02-22,api|bee-all|git|github|gitminder|integrations|rationality,http://padm.us/gitminder,1095260304,andrewpbrett,gitminder,open,open,2013-05-04,publish
488,Socially Efficient Commitment Devices,2013-03-05,aherk|akrasia|bee-all|best-of|economics|money|rationality|science|stickk,http://padm.us/sociallyefficient,1118749316,dreeves,anticharity,open,open,2021-09-15,publish
494,Beeminding Outside the Box,2013-03-16,akrasia|bee-all|best-of|case studies|dog food|lifehacks|meta|rationality|science|trello,http://padm.us/beebox,1141185260,queenbee,box,open,open,2023-01-26,publish
498,Intrafamily Bets and the Genius of the Exponential Pledge Schedule,2013-03-26,akrasia|bee-all|best-of|case studies|commitment contracts|dog food|money|rationality|science|weight loss,http://padm.us/exponential,1165279080,dreeves,exponential,open,open,2021-10-27,publish
501,"Announcing Beeminder Premium Plans: Bee Lite, Plan Bee, Beemium, and Beekeeper",2013-04-12,akrasia|bee-all|dog food|money|new features|tips|xkcd,http://padm.us/beemium,1205522539,dreeves,premium,open,open,2016-08-09,publish
502,test post for testing,1970-01-01,,http://padm.us/expostdebug,,queenbee,,open,open,2013-04-05,draft
504,Weasel-Proofing and the Definition of Legitimacy,2013-04-05,akrasia|bee-all|best-of|FAQ|rationality|science|sms|sos|weasels,http://padm.us/legit,1187966652,dreeves,legit,open,open,2022-02-23,publish
513,Beeminder Buzz: Front Page of the Wall Street Journal,2013-04-24,bee-all|buzz|navel-gazing|press,http://padm.us/wsj,1232378128,queenbee,wsj,open,open,2013-05-08,publish
519,Todas as línguas! Beeminder ama Duolingo,2013-05-24,autodata|bee-all|duolingo|integrations|language|new features,http://padm.us/duo,1259074341,andrewpbrett,duolingo,open,open,2017-12-20,publish
523,Auto-Canceling Subscriptions,2013-05-04,akrasia|bee-all|best-of|competition|economics|money|navel-gazing|startups,http://padm.us/autocancel,1260087327,dreeves,autocancel,open,open,2016-08-17,publish
525,Exquisitely Fair Pre-Pay Discounts,2013-05-13,bee-all|best-of|economics|math|meta|money|navel-gazing|new features|science|startups|trello,http://padm.us/fair,1273642811,dreeves,fair,open,open,2022-10-06,publish
529,To Break From Routine Is Human,2013-05-16,akrasia|bee-all|james bond|routine|science|self-binding,http://padm.us/routine,1291209109,andrewpbrett,routine,open,open,2013-05-15,publish
535,"Catch-up Unmustered; or, Easier is Harder",2013-06-14,akrasia|bee-all|best-of|commitment devices|dr strangelove|FAQ|psychology|rationality|self-binding|yellow brick road,http://padm.us/leniency,1400683074,queenbee,catchup,open,open,2023-06-02,publish
540,Zeno Polling,2013-06-24,bee-all|best-of|bugs|FAQ|new features|zeno,http://padm.us/zeno,1428963203,dreeves,zeno,open,open,2019-04-06,publish
543,Beeminding Sin,2013-07-03,akrasia|bee-all|envy|gluttony|greed|guest posts|lust|pride|psychology|rationality|religion|sloth|wrath,http://padm.us/sin,1463998487,wolf,sin,open,open,2014-12-04,publish
546,Beeminder Glossary,2013-07-14,akrasia|bee-all|best-of|FAQ|jargon file|meta|navel-gazing|yellow brick road,http://padm.us/jargon,1498704474,dreeves,glossary,open,open,2023-03-09,publish
553,Spiraling Into Control,2013-07-24,akrasia|bee-all|case studies|guest posts|lifehacks|meta|motivation hacking|procrastination|psychology|science|self-binding,http://padm.us/nick,1524923013,nick,nick,open,open,2013-07-25,publish
561,Beehind the Curtain: Secrets of our Support Success,2013-08-03,bee-all|best-of|case studies|meta|navel-gazing|startups,http://padm.us/curtain,1562805287,dreeves,curtain,open,open,2020-08-06,publish
567,New World Order: Goals No Longer Freeze,2013-08-13,akrasia|anti-cranial-silicosis|bee-all|best-of|FAQ|navel-gazing|new features|yellow brick road,http://padm.us/nwo,1602929849,dreeves,nwo,open,open,2021-12-01,publish
572,Combatting Cheating,2013-08-24,akrasia|bee-all|best-of|FAQ|psychology|rationality|self-binding|tips,http://padm.us/cheating,1636570810,dreeves,cheating,open,open,2021-12-31,publish
578,Beeminder ♥ RunKeeper,2013-09-03,bee-all|FAQ|fitness|integrations|new features,http://padm.us/runkeeper,1698177530,queenbee,runkeeper,open,open,2013-09-03,publish
587,Scheduled Breaks!,2013-09-13,akrasia|bee-all|FAQ|new features|yellow brick road,http://padm.us/breaks,1754596946,queenbee,breaks,open,open,2013-09-13,publish
588,Take a break,1970-01-01,,http://padm.us/breaks,,queenbee,break,open,open,2013-09-13,draft
590,Do-Less Goals with Pessimistic Presumptive Reports,2013-09-23,akrasia|bee-all|FAQ|new features|yellow brick road,http://padm.us/doless,1787922354,dreeves,less,open,open,2019-01-09,publish
597,"More Schwag, Less Beeminding",2013-10-03,akrasia|buzz|case studies|dog food|FAQ|navel-gazing|new features|press|quantified self|tips|yellow brick road,http://padm.us/moreless,1819619801,dreeves,moreless,open,open,2014-06-04,publish
601,Beeminder Turns Two!,2013-10-13,akrasia|bee-all|dog food|meta|navel-gazing|quantified self|yellow brick road,http://padm.us/two,1851645448,queenbee,two,open,open,2013-10-15,publish
607,Beeminder &#x2665; Jawbone,2013-10-23,api|bee-all|beem-me-up-scotty|beemup|integrations|jawbone|new features|quantified self,http://expost.padm.us/beemup,1888457801,andrewpbrett,jawbone,open,open,2022-04-27,publish
610,Year-Round NaNoWriMo with Beeminder and Draft,2013-11-01,bee-all|FAQ|integrations|new features,http://padm.us/draft,1921942246,dreeves,draft,open,open,2020-02-25,publish
615,Beeminder &#x2665; ... You! How To Build Your Own Beeminder Integrations,2013-11-12,bee-all|dog food|FAQ|integrations|meta|new features|oauth|open source|self-binding,http://padm.us/beemyou,1958301133,andrewpbrett,oauth,open,open,2020-02-25,publish
622,1000 Days of User-Visible Improvements,2013-11-21,akrasia|bee-all|best-of|case studies|commitment contracts|dog food|lifehacks|meta|navel-gazing|productivity porn|rationality|science|self-binding|startups|tips|ycombinator,http://padm.us/uvi1000,1986941144,dreeves,uvi,open,open,2015-04-07,publish
637,Android and Beeminder and Tasker,2013-12-03,android|bee-all|integrations|new features|tagtime|tasker|tips,http://padm.us/beedroid2,2019591138,dreeves,beedroid,open,open,2018-03-12,publish
642,How Beeminder Paid for 14 Bikes,2013-12-06,bee-all|case studies|charity|cycling|dog food|guest posts|meta,http://padm.us/wist,2029472318,jhwist,bikes,open,open,2013-12-24,publish
650,Resolutions for Real,2013-12-24,akrasia|bee-all|productivity porn|resolutions|seth godin,http://padm.us/nyr2013,2070197934,pjh,dip,open,open,2018-01-02,publish
652,The Beekeeper Program: Beeminder-Based Lifecoaching,2014-01-01,bee-all|FAQ|meta|new features|self-binding|stickk|tagtime,http://padm.us/erica,2084909025,erica,beekeeper,open,open,2020-06-05,publish
660,Be Nice To Yourself,2014-01-13,akrasia|bee-all|best-of|case studies|dog food|navel-gazing|psychology|rationality,http://padm.us/beenice,2115663553,queenbee,beenice,open,open,2022-02-09,publish
661,"Minding Bee: Time Tracking, Behavior Change, and the Birth of Beeminder",2014-01-23,akrasia|bee-all|best-of|case studies|dog food|meta|productivity porn|quantified self|rationality|self-binding|tagtime|yellow brick road,http://padm.us/qs2013,2162037853,queenbee,qs2013,open,open,2015-04-07,publish
667,Beeminder &#x2665; Code School,2014-02-11,bee-all|commitment devices|integrations|meta|new features|rails|trello|yellow brick road,http://padm.us/codeschool,2194530806,dreeves,codeschool,open,open,2018-07-02,publish
675,"Another Press Roundup Part Deux, Revisited: Return of the Beeminder Buzz Returns Again!",2014-02-02,buzz|navel-gazing|press,http://padm.us/runnersworld,2208257892,erica,runnersworld,open,open,2014-09-04,publish
700,Beeminder: A User's Guide for New Bees,2014-02-22,bee-all|best-of|FAQ|meta|PSA|rationality|road dial|tips|yellow brick road,http://padm.us/newbees,2301744059,dreeves,newbees,open,open,2022-02-24,publish
708,Fat Cyclist Weight Loss Competition with Beeminder,2014-03-05,,http://padm.us/fatty,2361880744,queenbee,fatty,open,open,2014-03-10,publish
716,Eat Your Vegetables,2014-03-15,bee-all|food|tips|weight loss,http://padm.us/vegetables,2434448068,queenbee,vegetables,open,open,2014-03-15,publish
720,Bee's Guide To Beeminding Weight Loss,2014-03-25,bee-all|case studies|fitness|food|tips|weight loss|yellow brick road,http://padm.us/bweight,2504060952,queenbee,weight,open,open,2014-03-25,publish
726,Get Things Done (Or Else!) With Beeminder and GTBee,2014-04-03,akrasia|akrasia horizon|api|bee-all|case studies|commitment contracts|dog food|get everything done|gtbee|integrations|new features|productivity porn|rationality|self-binding|tips,http://padm.us/gtbee,2583920178,andrewpbrett,gtbee,open,open,2014-04-04,publish
731,Heartbleed and Other Epic Crashes of Ineptitude,2014-04-14,bee-all|bugs|meta|navel-gazing|nerdery,http://padm.us/heartbleed,2610026197,dreeves,heartbleed,open,open,2014-10-29,publish
733,(Never)Minding Both Sides,2014-04-24,bee-all|FAQ|navel-gazing|yellow brick road,http://padm.us/bothsides,2634838239,dreeves,bothsides,open,open,2020-12-30,publish
739,New Feature: Supporters,2014-05-04,akrasia|bee-all|commitment contracts|FAQ|force majeure|new features|stickk|yellow brick road,http://padm.us/refereeminder,2659205410,dreeves,supporters,open,open,2014-05-04,publish
743,Beeminding Your Way Out of Your Comfort Zone,2014-05-14,akrasia|bee-all|case studies|guest posts|lifehacks|psychology|rationality|science|tips,http://padm.us/jess,2685300664,jess,comfortzone,open,open,2014-05-15,publish
746,Learning Ancient Egyptian in an Hour Per Week with Beeminder,2014-05-22,api|bee-all|case studies|guest posts|language|rationality,http://padm.us/ericegyptian,2704176653,erickidd,hieroglyphs,open,open,2017-03-16,publish
755,Beating Beeminder Burnout,2014-06-04,akrasia|bee-all|best-of|FAQ|productivity porn|psychology|rationality|tips,http://padm.us/burnout,2734684577,dreeves,burnout,open,open,2020-10-24,publish
762,Bethany's Maniac Week,2014-06-07,bee-all|best-of|case studies|dog food|lifehacks|navel-gazing|productivity porn|rationality|tips|yellow brick road,http://padm.us/maniac,2743367335,queenbee,maniac,open,open,2015-04-07,publish
770,Clearing Up Confusion About Exponential Roads,2014-06-28,navel-gazing,http://padm.us/exproad,2801426380,dreeves,exproad,open,open,2017-12-22,publish
773,Ringcycles Wins Fat Cyclist Weight Loss Contest!,2014-07-07,bee-all|case studies|fat cyclist|fitness|money|weight loss,http://padm.us/fatcyclist,2824595917,dreeves,fatcyclist,open,open,2014-07-07,publish
775,How I Use Beeminder,2014-07-18,akrasia|bee-all|case studies|dog food|mark forster|productivity porn|rationality|tips|weight loss,http://padm.us/howeyeuse,2853033368,pjh,philip,open,open,2015-01-10,publish
779,The Type Bee Personality,2014-07-29,akrasia|bee-all|best-of|FAQ|navel-gazing|psychology|rationality|science,http:/padm.us/typebee,2881449743,dreeves,typebee,open,open,2017-10-25,publish
781,Birds and The Bees: Beeminder Has Twitter Integration,2014-08-05,api|bee-all|integrations|new features|twitter,http://padm.us/twitter,2902122801,chrisgoodman,twitter,open,open,2014-08-12,publish
787,Don't Be a Smarmbot,2014-08-25,bee-all|best-of|meta|navel-gazing|nerdery|startups|tips,http://padm.us/smarmbot,2956697609,dreeves,smarmbot,open,open,2015-04-07,publish
789,Press Roundup 5,2014-09-04,bee-all|buzz|case studies|meta|navel-gazing|press,http://padm.us/buzz5,2986712378,dreeves,buzz5,open,open,2019-02-22,publish
795,What To Mind: Picking a Metric,2014-09-14,akrasia|bee-all|best-of|commitment contracts|competition|FAQ|productivity porn|quantified self|rationality|stickk|tips,http://padm.us/whattomind,3016182861,dreeves,whattomind,open,open,2018-08-30,publish
805,New Feature: Pledge Caps,2014-09-24,akrasia|bee-all|FAQ|money|new features,http://padm.us/pledgecaps,3048354910,dreeves,pledgecaps,open,open,2021-01-15,publish
810,Freebees: Not Actually Free,2014-10-04,akrasia|bee-all|FAQ|money|navel-gazing|new features,http://padm.us/freebees,3081586112,dreeves,freebees,open,open,2016-03-25,publish
811,New Discourse Forum!,2014-10-15,akrasia|bee-all|dog food|FAQ|meta|navel-gazing|nerdery|new features|science|tips,http://padm.us/discourse,3118326492,dreeves,discourse,open,open,2015-04-16,publish
814,Beeminder &#x2665; HabitRPG,2014-10-25,akrasia|bee-all|integrations|nerdery|new features|productivity porn|rationality|startups,http://padm.us/habitrpg,3150627614,dreeves,habitrpg,open,open,2019-12-01,publish
816,New Feature and Veritable Paradigm Shift: Arbitrary Deadlines,2014-10-28,akrasia|akrasia horizon|bee-all|dog food|FAQ|new features|rationality|self-binding|yellow brick road,http://padm.us/arbdead,3157385028,dreeves,deadlines,open,open,2021-05-12,publish
818,Beeminder Turns Three!,2014-10-28,akrasia|bee-all|dog food|meta|money|navel-gazing|quantified self|rationality|yellow brick road,http://padm.us/three,3166860819,queenbee,three,open,open,2015-09-15,publish
829,Code and Catholicism: Beeminding Praying and Integrating Beeminder on iOS,2014-12-11,api|bee-all|case studies|guest posts|integrations|nerdery|religion,http://padm.us/rosary,3233478439,pedro,rosary,open,open,2014-12-11,publish
830,Beeminder &#x2665; Zapier: Hundreds of New Integrations in One,2014-11-19,bee-all|buzz|case studies|FAQ|integrations|nerdery|new features|rationality|tips,http://padm.us/zapier,3240177917,dreeves,zapier,open,open,2018-02-13,publish
837,1000 Days of Fruits and Vegetables,2014-11-28,akrasia|bee-all|case studies|fitness|food|guest posts|rationality|yellow brick road,http://padm.us/veggieminding,3270540396,alys,veggieminding,open,open,2015-03-30,publish
842,Beeminding Rituals,2014-12-04,akrasia|bee-all|case studies|commitment devices|guest posts|rationality|religion,http://padm.us/rituals,3290012446,leah,rituals,open,open,2014-12-04,publish
848,Beeminder ♥ Sleep as Android,2014-12-31,akrasia|bee-all|FAQ|integrations|nerdery|new features|quantified self|startups|yellow brick road,http://padm.us/sleep,3341381669,queenbee,sleep,open,open,2015-01-09,publish
860,Tocks,2015-01-14,akrasia|bee-all|case studies|commitment devices|lifehacks|nerdery|productivity porn|rationality|tagtime|tips,http://padm.us/tock,3418896580,queenbee,tocks,open,open,2015-04-18,publish
863,Pomodoro Poker,2015-01-20,akrasia|bee-all|case studies|lifehacks|money|nerdery|productivity porn|rationality|tips,http://padm.us/pomopoker,3439486823,dreeves,pomopoker,open,open,2015-01-20,publish
866,Bucketminding,2015-02-03,akrasia|bee-all|case studies|self-binding|tips|yellow brick road,http://padm.us/bucketminding,3481417508,dreeves,bucket,open,open,2016-01-01,publish
870,Beeminder ♥ Epson,2015-02-06,bee-all|fitness|integrations|quantified self|weight loss,http://padm.us/epson,3490281026,dreeves,epson,open,open,2015-02-06,publish
876,"Triangular Beeminding; Or, Drink Less, Using the Power of Triangles",2015-02-27,akrasia|bee-all|case studies|guest posts|lifehacks|nerdery|new features|quantified self|rationality|self-binding|tips,http://padm.us/triangle,3552707850,drmaciver,triangle,open,open,2015-04-01,publish
879,Beeminder &#x2665; Garmin,2015-03-10,bee-all|dog food|fitness|integrations|new features|quantified self|weight loss,http://padm.us/garmin,3579501630,queenbee,garmin,open,open,2022-12-21,publish
884,Case Study: Beemind Going Beyond Your Usual Routine,2015-03-30,akrasia|bee-all|case studies|guest posts|productivity porn|rationality,http://padm.us/beeyond,3609912690,tkadlubo,beeyond,open,open,2015-03-30,publish
886,Should You Beemind The Moving Average?,2015-03-20,akrasia|bee-all|FAQ|fitness|navel-gazing|nerdery|rationality|tips|weight loss|yellow brick road,http://padm.us/movingav,3611507355,dreeves,movingav,open,open,2015-03-30,publish
890,Monkeys Are Afraid of Bees,2015-04-09,akrasia|bee-all|best-of|guest posts|productivity porn|psychology|rationality,http://padm.us/essy,3637117013,chipmanaged,fearofbees,open,open,2019-04-12,publish
898,Dealing with Beemergencies in an Emergency,2015-04-19,akrasia|bee-all|best-of|case studies|FAQ|force majeure|productivity porn|tips,http://padm.us/aftermath,3694177558,pjh,crisis,open,open,2019-06-05,publish
904,If This MIND That: Beeminder ♥ IFTTT,2015-05-08,bee-all|buzz|case studies|FAQ|integrations|meta|new features|quantified self|rationality,http://padm.us/ifttt,3710245339,queenbee,ifttt,open,open,2015-05-08,publish
909,GmailZero: Not Just For Your Inbox Anymore,2015-04-29,bee-all|case studies|email|FAQ|integrations|new features|productivity porn,http://padm.us/gmailzero2,3721927984,queenbee,gmailzeroer,open,open,2021-01-15,publish
918,Smoking Sticks and Carrots,2015-05-20,akrasia|bee-all|best-of|commitment contracts|commitment devices|economics|FAQ|money|rationality|science|smoking,http://padm.us/smoking,3779397932,dreeves,smoking,open,open,2015-05-22,publish
920,Misfit and Bee-fit: Beeminder &#x2665; Misfit,2015-05-29,fitness|integrations|new features|quantified self|self-binding,http://padm.us/misfit,3796628539,queenbee,misfit,open,open,2022-04-27,publish
924,Beeminder &#x2665; Skritter,2015-06-09,akrasia|bee-all|integrations|new features|rationality|startups,http://padm.us/skritter,3816626615,queenbee,skritter,open,open,2018-05-24,publish
930,Quantified Self 2015 and Bay Area Beeminder Meetup,2015-06-18,meetup|navel-gazing|PSA|quantified self,http://padm.us/meetup,3859580155,dreeves,qs15,open,open,2015-06-20,publish
937,"The Seinfeld Hack; or, Don't Break The Chain",2015-06-29,akrasia|bee-all|best-of|FAQ|lifehacks|productivity porn|rationality|seinfeld|self-binding|soup nazi|tips|yellow brick road,http://padm.us/seinfeld,3888520109,dreeves,seinfeld,open,open,2018-04-27,publish
941,Cranial Silicosis and Paths of Least Resistance,2015-07-16,akrasia|bee-all|commitment contracts|competition|navel-gazing|nerdery|psychology|road dial|yellow brick road,http://padm.us/nudge,3939779338,dreeves,nudge,open,open,2015-07-19,publish
946,Weasel Heart-To-Heart,2015-07-27,akrasia|bee-all|best-of|case studies|dog food|meta|navel-gazing|tips,http://padm.us/chelsea,3975598641,chelsea,chelsea,open,open,2015-07-28,publish
950,Nine Greens,2015-08-07,akrasia|bee-all|best-of|case studies|guest posts|lifehacks|quantified self|tips,http://padm.us/mirabai,4004097053,mirabai,mirabai,open,open,2020-10-27,publish
953,Trusting Your Divided Self,2015-08-19,akrasia|bee-all|commitment contracts|dog food|rationality|self-binding,http://padm.us/trust,4046614433,pjh,trust,open,open,2015-09-22,publish
957,"I Resolve Not To Resolve; Or, The Anti-Resolution Resolution",2015-08-29,akrasia|bee-all|best-of|rationality|resolutions|tips,http://padm.us/should,4077905328,dreeves,should,open,open,2018-01-01,publish
968,Bee on Extreme Productivity (QS 2015),2015-09-08,bee-all|commitment devices|dog food|productivity porn|quantified self|rationality|self-binding|tips,http://padm.us/QSGlobal2015,4109221040,queenbee,qs2015,open,open,2015-09-08,publish
972,Press Roundup: A Year of Buzz,2015-09-18,bee-all|buzz|case studies|meta|navel-gazing|press,http://padm.us/buzzyear,4139252806,dreeves,buzzyear,open,open,2019-02-22,publish
976,Revamped Reminders,2015-10-01,akrasia|bee-all|dog food|FAQ|meta|new features,http://padm.us/remrev,4183338810,queenbee,reminders,open,open,2019-12-01,publish
980,Chasing Waterfalls,2015-10-12,akrasia|bee-all|case studies|meta|productivity porn|PSA|rationality|tips,http://padm.us/waterfalls,4217284368,dreeves,waterfalls,open,open,2015-10-12,publish
983,"Hard-Committing To Do Something ""Soon""",2015-10-22,akrasia|bee-all|dog food|rationality|self-binding|tips,http://padm.us/hardsoon,4248690396,queenbee,hardsoon,open,open,2015-10-27,publish
990,Fourth Anniversary of Beeminder,2015-10-29,akrasia|bee-all|case studies|dog food|meta|navel-gazing|self-binding,http://padm.us/four,4270448525,queenbee,four,open,open,2015-10-29,publish
995,Hard Commitments & Soft Commitments: Beeminder ♥ Complice,2015-11-10,akrasia|bee-all|case studies|commitment devices|guest posts|integrations|productivity porn|quantified self|rationality|startups,http://padm.us/complice,4305766645,mocean,complice,open,open,2016-06-20,publish
1016,Beeminder's Youngest User,2015-11-21,akrasia|bee-all|best-of|case studies|guest posts|kids,http://padm.us/faireminder,4338112496,faire,faire,open,open,2015-11-24,publish
1026,test post,1970-01-01,,,,queenbee,,open,open,2015-11-21,draft
1040,"Cyber Monday: <s>OK, Fine</s> Never Again",2015-12-01,bee-all|money|navel-gazing|snark,http://padm.us/cybermonday,4365141786,dreeves,cybermonday,open,open,2021-11-22,publish
1045,Systems Not Goals,2015-12-11,akrasia|bee-all|best-of|FAQ|meta|navel-gazing|productivity porn|rationality,http://padm.us/systems,4394863909,dreeves,systems,open,open,2020-08-15,publish
1049,Buzzy Buzz Buzz: Discover Magazine Edition,2015-12-22,buzz|meta|navel-gazing|press|rationality,http://padm.us/buzz7,4424828823,queenbee,buzz7,open,open,2015-12-26,publish
1059,Bee Your Best Self in 2016 with Habitica,2016-01-12,bee-all|buzz|competition|guest posts|integrations|nerdery|open source|rationality|startups,http://padm.us/habitica,4485358300,lemoness,habitica,open,open,2016-01-12,publish
1065,Frictionless Tracking with Beeminder Autodata (QS 2015),2016-01-23,bee-all|dog food|quantified self|rationality|startups|tips,http://padm.us/frictionless,4517173302,dreeves,frictionless,open,open,2016-01-23,publish
1069,Post New Year's Press Roundup,2016-02-05,akrasia|bee-all|buzz|case studies|navel-gazing|rationality,http://padm.us/buzz8,4554053983,dreeves,buzz8,open,open,2016-02-05,publish
1073,Revealed Preference,2016-02-15,akrasia|bee-all|best-of|commitment devices|economics|navel-gazing|nerdery|rationality,http://padm.us/revealedprefs,4581124477,dreeves,revealed,open,open,2019-04-05,publish
1078,"MongoMapper to Mongoid; Or, Breaking All The Things",2016-02-25,bee-all|bugs|dog food|navel-gazing|nerdery,http://padm.us/mongoid,4610202494,dreeves,mongoid,open,open,2016-02-25,publish
1082,Ego Depletion Depletion,2016-03-09,akrasia|bee-all|best-of|economics|get everything done|mark forster|psychology|rationality|science|self-binding,http://padm.us/egodepletion,4647568974,dreeves,ego,open,open,2019-04-05,publish
1090,What Is Willpower?,2016-03-21,akrasia|bee-all|get everything done|mark forster|psychology|rationality|science|self-binding,http://padm.us/willpower,4680090727,dreeves,willpower,open,open,2021-03-26,publish
1092,"Death To Freebees; Or, Freebees Für Alles",2016-04-02,akrasia|bee-all|FAQ|meta|money|navel-gazing|new features,http://padm.us/deathtofreebees,4713730495,dreeves,deathtofreebees,open,open,2016-09-01,publish
1095,How Do You Get A Ton Of Likes On Instagram Ig-Up.com,1970-01-01,,,,melza,,open,open,2016-04-08,pending
1099,Walking On Custard,2016-04-14,akrasia|bee-all|best-of|case studies|guest posts|lifehacks|psychology|rationality,http://padm.us/custard,4745822246,enhughesiasm,custard,open,open,2019-04-05,publish
1106,16 Obscure Beeminder Features,2016-04-26,akrasia horizon|bee-all|best-of|FAQ|meta|nerdery|tips|yellow brick road,http://padm.us/obscure,4778066260,dreeves,obscure,open,open,2020-08-26,publish
1112,What It Means To Give Beeminder Your Credit Card,2016-05-09,bee-all|best-of|FAQ|money|navel-gazing|newbees,http://padm.us/safe,4811967309,dreeves,creditcard,open,open,2019-04-05,publish
1115,"Honeymoons, True Love, and Yet More Buzz",2016-05-24,bee-all|buzz|case studies|math|navel-gazing|rationality,http://padm.us/buzz9,4853641398,dreeves,buzz9,open,open,2016-06-16,publish
1121,New Premium Feature: Weekends Off,2016-05-28,bee-all|FAQ|new features|scheduling|time,http://padm.us/weekendsoff,4863348266,queenbee,weekends,open,open,2016-06-25,publish
1127,New Premium Feature: Rudimentary Road Editor,2016-06-17,akrasia|bee-all|case studies|FAQ|new features|road dial|yellow brick road,http://padm.us/road,4917652017,dreeves,road,open,open,2016-06-17,publish
1133,Beeminder and Complice Make It Official,2016-06-29,bee-all|dog food|integrations|new features|productivity porn|rationality|startups,http://padm.us/beemplice,4947695929,dreeves,beemplice,open,open,2016-06-29,publish
1145,Beemind Arbitrary Tasks Automatically with Complice,2016-07-11,bee-all|best-of|case studies|integrations|nerdery|new features|productivity porn|rationality|startups,http://padm.us/beemarb,4976150544,mocean,arbeetrary,open,open,2019-04-05,publish
1162,The Cockroach Principle,2016-07-24,bayes|bee-all|best-of|case studies|rationality|startups|tips,http://padm.us/cockroach,5010206842,dreeves,cockroach,open,open,2020-10-18,publish
1164,Announcing the Infinibee Plan and Other Premium Changes,2016-08-09,bee-all|meta|navel-gazing|new features|premium,http://padm.us/kibeemium,5033342743,dreeves,infinibee,open,open,2021-11-26,publish
1171,Team Black vs Team Yellow: The Two Styles of Beeminding,2016-08-25,akrasia|bee-all|best-of|case studies|guest posts|newbees|productivity porn|psychology|quantified self|rationality|tips|yellow brick road,http://padm.us/modal-beeminder,5093499766,olimay,olimay,open,open,2019-04-05,publish
1179,Newbee Corner: What Happens When I 'Derail'?,2016-09-10,bee-all|best-of|FAQ|newbees|yellow brick road,http://padm.us/derail,5133612718,queenbee,derail,open,open,2019-04-05,publish
1180,"Introducing Lillian Karabaic, Minister of the Exterior",2016-09-28,bee-all|case studies|economics|nerdery|quantified self,http://padm.us/anomalily,5176773268,anomalily,anomalily,open,open,2016-09-28,publish
1188,Unveiling the Big Beeminder Redesign of 2016,2016-10-14,bee-all|dog food|navel-gazing|nerdery|new features|yellow brick road,http://padm.us/beeta,5222630447,dreeves,redesign,open,open,2016-10-14,publish
1193,New Official URLminder Integration,2016-11-02,bee-all|FAQ|integrations|new features|PSA,http://padm.us/urlminder,5271989126,queenbee,urlminder,open,open,2016-11-02,publish
1197,Beehind the Scenes of the Beeminder Redesign,2016-11-09,bee-all|design|guest posts|meta|navel-gazing,http://padm.us/josh,5290310028,josh,josh,open,open,2016-11-10,publish
1225,Fifth Anniversary of Beeminder,2016-11-18,akrasia|bee-all|dog food|meta|money|navel-gazing|startups,http://padm.us/five,5313562229,queenbee,five,open,open,2016-11-18,publish
1229,The Shirk & Turk Principle,2016-12-06,bee-all|best-of|case studies|lifehacks|navel-gazing|nerdery|rationality|startups|tips,http://padm.us/shirknturk,5359062449,dreeves,shirknturk,open,open,2021-12-01,publish
1233,Beemind Easy Things,2016-12-22,bee-all|best-of|case studies|fitness|PSA|resolutions|tips|weight loss,http://padm.us/hardthings,5401027565,chelsea,easythings,open,open,2018-01-02,publish
1284,Beeminder ♥ Todoist,2017-01-06,bee-all|get everything done|integrations|new features|productivity porn,https://padm.us/todoist,5438666674,anomalily,todoist,open,open,2017-01-07,publish
1290,Press Roundup to Trump All Press Roundups,2017-01-25,bee-all|buzz|case studies|navel-gazing,http://padm.us/buzz10,5491078604,anomalily,buzz10,open,open,2019-03-13,publish
1294,Newbee Corner: What Happens When I Email Support?,2017-02-10,bee-all|FAQ|newbees|tips,http://padm.us/support,5538781486,chelsea,support,open,open,2017-02-10,publish
1313,Our Label Ontology For Issue Tracking,2017-03-01,bee-all|bugs|meta|navel-gazing|nerdery|startups|trello,http://padm.us/buglabels,5582411058,dreeves,buglabels,open,open,2019-02-20,publish
1336,Learning a Language with Beeminder,2017-03-16,akrasia|bee-all|case studies|guest posts|language,http://padm.us/arabic,5638537884,strickvl,language,open,open,2017-03-16,publish
1356,"Newbee Corner: Beemind Your Writing (By Word Count, Automatically)",2017-04-04,bee-all|best-of|FAQ|integrations|new features|rationality|writing,http://padm.us/write,5694476728,dreeves,write,open,open,2020-07-01,publish
1358,Third-Party App Developers Rejoice: No More Polling For Autodata,2017-04-20,bee-all|integrations|nerdery|new features|startups,http://padm.us/autofetch,5743244510,queenbee,autofetch,open,open,2017-04-20,publish
1365,Maniac Mayhem: Commit To a Month of Making Things Every Morning,2017-05-03,bee-all|best-of|commitment devices|productivity porn|quantified self|rationality,http://padm.us/mayhem,5780900782,anomalily,mayhem,open,open,2019-04-05,publish
1367,"iOS Updates: Apple Health, Today Widget, and GTBee",2017-05-23,bee-all|fitness|integrations|productivity porn|PSA,http://padm.us/applehealth,5832516290,andrewpbrett,apple,open,open,2018-06-11,publish
1374,The Bee Team Goes To Amsterdam,2017-06-10,meetup|navel-gazing|PSA|quantified self,https://padm.us/bamsterdam,5896948969,queenbee,amsterdam,open,open,2017-10-19,publish
1378,Announcement: Beeminder Adds PayPal as a Payment Option,2017-07-06,bee-all|FAQ|new features,http://padm.us/paypal,5967459059,dreeves,paypal,open,open,2017-07-06,publish
1382,Beeminder: Like Pact Except All We Do Is Take Your Money,2017-07-22,adverse selection|bee-all|competition|economics|startups,http://padm.us/pact,5995900374,dreeves,pact,open,open,2022-09-12,publish
1386,"The ""I Will"" System",2017-08-09,akrasia|bee-all|best-of|case studies|commitment devices|dog food|lifehacks|meta|productivity porn|psychology|rationality|self-binding|tips,http://padm.us/will,6052695964,dreeves,will,open,open,2019-04-05,publish
1389,Press Roundup: 99 More Things The Internet Has Said About Beeminder,2017-08-25,akrasia|bee-all|buzz|case studies|navel-gazing,http://padm.us/buzz11,6094837559,dreeves,buzz11,open,open,2019-03-13,publish
1391,The Tao of Bees: How I use Beeminder,2017-09-12,akrasia|bee-all|case studies|guest posts|lifehacks|productivity porn|quantified self|tips,http://padm.us/tao,6131904120,brennan2,tao,open,open,2017-10-19,publish
1400,"The Sting of Work: How I Use Beeminder, Part Two",2017-09-29,akrasia|bee-all|guest posts|productivity porn|quantified self|tips,http://padm.us/tao2,6178434491,brennan2,tao2,open,open,2017-09-29,publish
1403,Psychoanalyzing Beeminder,2017-11-22,akrasia|bee-all|case studies|guest posts|psychology|rationality|science,http://padm.us/psych,6206051935,michele2,psych,open,open,2017-11-22,publish
1409,Beeminder Is Sixy!,2017-10-19,akrasia|bee-all|dog food|meta|money|navel-gazing|startups,http://padm.us/six,6226070528,queenbee,six,open,open,2018-04-03,publish
1413,Beemind Bites,2017-11-04,bee-all|best-of|case studies|food|guest posts|quantified self|rationality|tips|weight loss,http://padm.us/bites,6261773368,braden,bites,open,open,2020-11-03,publish
1421,500 Words A Day,2017-12-08,bee-all|case studies|guest posts|writing,http://padm.us/kara,6314671964,kara,kara,open,open,2017-12-09,publish
1428,Schelling Fences on Slippery Slopes,2017-12-27,akrasia|bee-all|best-of|economics|guest posts|rationality|resolutions|self-binding,http://padm.us/schelling,6375056023,scottalexander,schelling,open,open,2019-04-05,publish
1430,Negative Reinforcement ≠ Punishment,2018-01-12,akrasia|bee-all|guest posts|psychology|rationality|science,http://padm.us/psych2,6406311567,michele2,punishment,open,open,2018-01-12,publish
1441,Feature Unannouncement: Exponential Roads Going Piecewise Linear,2018-01-30,bee-all|navel-gazing|new features|PSA|yellow brick road,http://padm.us/deathtoexp,6447130360,dreeves,deathtoexp,open,open,2018-01-30,publish
1443,The Dirty Plate Club,2018-02-15,bee-all|best-of|lifehacks|rationality|tips|weight loss,http://padm.us/waisted,6481732445,dreeves,waisted,open,open,2022-04-01,publish
1447,Beeminding All The Things,2018-03-03,bee-all|best-of|case studies|guest posts|nerdery|rationality|tips|weight loss,http://padm.us/fifty,6518392067,byorgey,allthethings,open,open,2018-04-25,publish
1450,Barfing Cats and Other Stories from Talking to Weasels in Support,2018-03-21,akrasia|bee-all|best-of|case studies|FAQ|meta|navel-gazing,http://padm.us/barfingcats,,dreeves,barfingcats,open,open,2019-04-05,publish
1455,Does Practice Make Perfect?,2018-04-07,bee-all|case studies|guest posts|psychology|quantified self|rationality|science|tips,http://padm.us/ivana,,ivana,practice,open,open,2018-04-08,publish
1460,Beeminding And All That Jazz,2018-04-25,bee-all|case studies|guest posts|lifehacks|productivity porn|quantified self|rationality|tips,http://padm.us/kim,,kim,kim,open,open,2018-04-25,publish
1462,How To Use Beeminder Without Ever (Hardly Ever) Leaving Emacs,2018-05-11,bee-all|case studies|guest posts|nerdery|productivity porn|rationality,http://padm.us/mbork,,mbork,mbork,open,open,2018-08-22,publish
1467,The Fifty Goals of Brent Yorgey,2018-05-29,akrasia|bee-all|best-of|case studies|guest posts|productivity porn|rationality|tips,http://padm.us/fifty2,,byorgey,fifty,open,open,2019-04-05,publish
1475,Beeminder in the Wall Street Journal Every Five Years,2018-06-14,bee-all|buzz|case studies|navel-gazing,http://padm.us/wsj2,,dreeves,wsj2,open,open,2018-06-22,publish
1478,A Monastery is a Commitment Device,2018-06-29,bee-all|best-of|buzz|case studies|guest posts|rationality,http://padm.us/meditation,,dehowell,meditation,open,open,2019-04-05,publish
1482,Slytherin 404 Errors,2018-07-19,bee-all|best-of|meta|navel-gazing|nerdery|PSA|psychology|rationality|startups,http://padm.us/slytherin404,,dreeves,slytherin404,open,open,2019-04-05,publish
1486,Beeminder Scholarships to Attend Quantified Self 2018 in Portland,2018-08-04,bee-all|meta|money|quantified self,http://padm.us/scholar,,dreeves,scholar,open,open,2018-08-16,publish
1491,Feature Announcement: General Mercy,2018-08-22,akrasia|akrasia horizon|bee-all|new features|weight loss|yellow brick road,http://padm.us/mercy,,queenbee,mercy,open,open,2020-12-26,publish
1495,Beeminder &#x2665; Toggl,2018-09-07,bee-all|get everything done|integrations|new features|quantified self|rationality|tagtime,http://padm.us/toggl,,dreeves,toggl,open,open,2018-10-12,publish
1500,Portland Beeminder Meetup: The Birds and The Bees Meet Again,2018-09-21,bee-all|meetup|portland|PSA|quantified self,http://padm.us/swifts,,dreeves,swifts,open,open,2018-09-21,publish
1503,Beeminder &#x2665; Strava,2018-10-12,akrasia|bee-all|best-of|fitness|integrations|new features|quantified self,http://padm.us/strava,,dreeves,strava,open,open,2019-04-05,publish
1511,Introducing Shanaqui: Beeminder Support Czar,2018-10-30,bee-all|best-of|case studies|nerdery,http://padm.us/shanaqui,,shanaqui,shanaqui,open,open,2020-07-03,publish
1517,Beeminding With A Physical Button,2018-11-15,bee-all|best-of|case studies|guest posts|integrations|lifehacks|quantified self|rationality,http://padm.us/flic,,zach,flic,open,open,2019-04-05,publish
1532,Beeminder &#x2665; Clozemaster,2018-11-30,akrasia|bee-all|guest posts|integrations|new features|press|startups,http://padm.us/clozemaster,,clozemaster,clozemaster,open,open,2018-11-30,publish
1534,Beeminder's New Year's Resolution Survivor,2018-12-27,bee-all|commitment contracts|rationality|resolutions|self-binding,http://padm.us/NY2019,,dreeves,survivor,open,open,2020-12-31,publish
1536,Accountability Partners and Soft Accountability,2019-01-02,akrasia|commitment contracts|guest posts|productivity porn|rationality|startups,http://padm.us/accountability,,mocean,accountability,open,open,2019-08-23,publish
1539,13th Beeminder Buzz Press Roundup,2019-01-31,bee-all|buzz|case studies|navel-gazing,http://padm.us/buzz13,,dreeves,buzz13,open,open,2019-01-31,publish
1541,"Beeminder, With The Power Of Reading!",2019-03-20,bee-all|case studies|guest posts|nerdery|rationality|tips,http://padm.us/textbooks,,lawrence,textbooks,open,open,2019-04-05,publish
1543,Commitwall: No More Beeminding Without A Way To Be Charged Money,2019-02-14,akrasia|bee-all|FAQ|navel-gazing|new features|rationality,http://padm.us/commitwall,,dreeves,commitwall,open,open,2022-09-02,publish
1548,"Derailing Is Not Failing; or, Beeminder Revenue Proportional To User Awesomeness",2019-03-02,akrasia|bee-all|best-of|navel-gazing|nerdery|rationality,http://padm.us/defail,,dreeves,defail,open,open,2021-12-23,publish
1560,Quantified Self Talk: Tracking My Personal Reliability,2019-04-13,akrasia|bee-all|best-of|case studies|commitment devices|dog food|integrations|lifehacks|new features|productivity porn|quantified self|rationality|startups,http://padm.us/commitstew,,dreeves,commitstew,open,open,2020-08-24,publish
1574,How You Talk Yourself Out Of Reporting A Bug,2019-05-01,bee-all|bugs|meta|navel-gazing|nerdery|rationality|startups,http://padm.us/bugreports,,dreeves,bugreports,open,open,2023-02-02,publish
1579,Startups Not Eating Each Other Like Cannibalistic Dogs,2019-05-18,bee-all|competition|get everything done|meta|productivity porn|rationality|startups,http://padm.us/dogeatdog,,dreeves,dogeatdog,open,open,2019-05-20,publish
1583,Pareto Dominance,2019-06-21,bee-all|economics|nerdery|rationality,,,dreeves,pareto,open,open,2022-09-29,publish
1586,The Pareto Dominance Principle for Apps and Websites,2019-07-30,bee-all|best-of|economics|navel-gazing|nerdery|rationality|startups,http://padm.us/pdp,,dreeves,pdp,open,open,2022-09-29,publish
1590,Pareto Dominating The Pledge Cap UI For Goal Creation,2019-08-09,bee-all|design|navel-gazing|nerdery|startups,http://padm.us/paretocaps,,dreeves,paretocaps,open,open,2022-09-29,publish
1595,Add Datapoints From the Notifications Bar (Even While Your Phone Is Locked!),2019-08-23,akrasia|bee-all|case studies|commitment devices|guest posts|productivity porn|rationality|self-binding,http://padm.us/lockmyphone,,tomka,lockmyphone,open,open,2019-08-23,publish
1601,Motivational Archetypes,2019-09-11,bee-all|navel-gazing|psychology|rationality,http://padm.us/motivationtypes,,dreeves,motivationtypes,open,open,2019-09-11,publish
1604,How To Technically Count As A Vegetarian While Eating Animals,2019-09-27,akrasia|bee-all|case studies|commitment devices|dog food|food|rationality|self-binding|tips|weight loss,http://padm.us/vegdays,,dreeves,vegdays,open,open,2021-05-27,publish
1606,Dogfood Binge,2019-10-10,bee-all|best-of|case studies|dog food|rationality|startups,http://padm.us/dogfood,,chipmanaged,dogfood,open,open,2023-01-26,publish
1610,"Redqueening, Inbox Zero, Backlogs, and Fluid Dynamics",2019-10-23,akrasia|best-of|get everything done|mark forster|navel-gazing|nerdery|productivity porn|rationality|tips,http://padm.us/redqueen,,dreeves,redqueen,open,open,2020-08-24,publish
1614,Beeminder &hearts; Project Euler,2019-11-05,akrasia|bee-all|integrations|nerdery|new features|press|rationality,http://padm.us/euler,,dreeves,projecteuler,open,open,2019-11-05,publish
1620,Social Reality And The Canard About Keeping Your Goals To Yourself,2019-11-22,akrasia|bee-all|best-of|productivity porn|psychology|rationality|science|tips,http://padm.us/zipit,,dreeves,zipit,open,open,2020-08-24,publish
1621,"Integery Goals, Timey-Wimey Goals, and Conservarounding",2019-11-27,bee-all|FAQ|new features,http://padm.us/integers,,dreeves,integers,open,open,2020-11-20,publish
1630,"Meet The New Gmail Zero, Same As The Old Gmail Zero",2019-12-18,bee-all|email|integrations|new features,http://padm.us/gmailzerolabels,,adamwolf,gmailzerolabels,open,open,2019-12-30,publish
1637,Beeminder Buzz Press Roundup 2019,2020-01-08,bee-all|buzz|case studies|navel-gazing,http://padm.us/buzz2019,,dreeves,buzz2019,open,open,2020-01-08,publish
1639,Feature Unannouncement: Auto-Widening Yellow Brick Roads Have Gone Manual,2020-01-29,akrasia|bee-all|new features|PSA|weight loss|yellow brick road,http://padm.us/manwide,,queenbee,autowide,open,open,2020-01-29,publish
1642,"Death to Auto-Widening Yellow Brick Roads, Part 2",2020-02-18,akrasia|bee-all|meta|navel-gazing|new features|weight loss|yellow brick road,http://padm.us/manwide2,,dreeves,manwide,open,open,2020-06-07,publish
1644,The Startup Egg-Basket Principle,2020-02-29,bee-all|best-of|navel-gazing|nerdery|principles|rationality|startups|tips,http://padm.us/eggbasket,,dreeves,eggbasket,open,open,2020-08-24,publish
1650,How To Write Functional Specs,2020-03-12,bee-all|meta|navel-gazing|nerdery|PSA|rationality|startups|tips,http://padm.us/specs,,dreeves,specs,open,open,2021-01-27,publish
1653,Self-Isolation Strategies: Mary On Creating Challenges To Make Time Pass,2020-03-25,bee-all|case studies|productivity porn|PSA|rationality|tips,http://padm.us/isolate,,chipmanaged,isomary,open,open,2022-01-21,publish
1655,Self-Isolation Strategies: Nikki’s Operation Safety Bubble,2020-03-31,akrasia|bee-all|case studies|dog food|PSA|psychology|tips,http://padm.us/isonikki,,shanaqui,isonikki,open,open,2020-03-31,publish
1661,Schedule Breaks On All The Things!,2020-04-20,akrasia|bee-all|case studies|FAQ|force majeure|new features|road dial|yellow brick road,http://padm.us/megabreak,,dreeves,megabreak,open,open,2020-04-20,publish
1662,"Lupine Lachrymosis; or, The Anti-Wolf-Crying Principle",1970-01-01,bee-all|meta|navel-gazing|nerdery|rationality|startups|tips,http://padm.us/cry,,dreeves,cry,open,open,2020-05-01,draft
1668,Feature Unannouncement: Death To Custom Lane Widths,2020-05-01,akrasia|bee-all|new features|PSA|yellow brick road,http://padm.us/lanes,,dreeves,lanes,open,open,2020-05-24,publish
1673,X-Treme Nerd Interlude: Computing and Visualizing Level Curves of the Days-To-Derailment Function for the Upcoming Yellow Brick Half-Plane New World Order,2020-05-14,akrasia|bee-all|math|meta|navel-gazing|nerdery|rationality|science|yellow brick road,http://padm.us/isolines,,saranli,isolines,open,open,2020-05-14,publish
1679,The Anti-Magic Principle,2020-05-27,akrasia|bee-all|best-of|case studies|meta|navel-gazing|nerdery|rationality|road dial|startups|tips,http://padm.us/antimagic,,dreeves,magic,open,open,2022-08-16,publish
1684,Announcement: The Yellow Brick Half-Plane Has Arrived,2020-06-09,akrasia|bee-all|best-of|navel-gazing|nerdery|new features|PSA|yellow brick road,http://padm.us/ybhp,,dreeves,ybhp,open,open,2023-02-07,publish
1694,Announcing TaskRatchet: Like Beeminder for Your Todo List,2020-06-22,akrasia|api|bee-all|case studies|gtbee|guest posts|integrations|productivity porn|PSA|rationality|startups|tips,http://padm.us/taskratchet,,narthur,taskratchet,open,open,2020-08-10,publish
1709,Beeminding the Fuzzy Friends,2020-07-03,,http://padm.us/buns,,shanaqui,buns,open,open,2020-07-17,publish
1714,The Anti-Robustness Principle,2020-07-16,bee-all|navel-gazing|nerdery|principles|rationality|startups|tips,http://padm.us/postel,,dreeves,postel,open,open,2020-07-16,publish
1717,Choices are Bad: The Anti-Settings Principle,2020-07-30,bee-all|best-of|navel-gazing|nerdery|principles|rationality|startups|tips,http://padm.us/choices,,dreeves,choices,open,open,2021-02-23,publish
1721,Beeminder &hearts; Boss as a Service,2020-08-10,akrasia|bee-all|beekeeper|guest posts|integrations|productivity porn|PSA|rationality|startups|tips,http://padm.us/baas,,manasvini,baas,open,open,2022-01-13,publish
1725,Blog-Post-Driven Development,2020-08-24,bee-all|meta|navel-gazing|rationality|startups,http://padm.us/docdriven,,dreeves,docdriven,open,open,2020-11-21,publish
1732,How To Write Functional Specs II: The Spec-List,2020-09-05,bee-all|meta|navel-gazing|rationality|startups|tips|writing,http://padm.us/speclist,,dreeves,speclist,open,open,2021-05-25,publish
1739,"Happy Now, Beeminder?",2020-09-18,bee-all|case studies|meta|navel-gazing|productivity porn|rationality,http://padm.us/metablog,,dreeves,meta,open,open,2023-02-20,publish
1743,The Stanford Marshmallow Experiment: A Retrospective,2020-10-03,akrasia|bee-all|psychology|rationality|science,http://padm.us/marshmallow,,dreeves,marshmallow,open,open,2020-10-12,publish
1759,"Road Ratchet Revamp Redresses ""Ratcheting Breaks Breaks"" Bug",2020-10-14,bee-all|meta|navel-gazing|nerdery|new features|PSA|rationality|road dial|yellow brick road,https://padm.us/ratchet,,queenbee,ratchet,open,open,2020-11-10,publish
1776,Beeminding the Right Thing: A Bookcase Study,2020-10-27,bee-all|case studies|rationality|tips,https://padm.us/bookcase,,shanaqui,bookcase,open,open,2020-11-12,publish
1781,Strategy Memo: Beeminder Is For Nerds,2020-11-07,bee-all|best-of|FAQ|meta|navel-gazing|nerdery|rationality|startups,https://padm.us/nerds,,dreeves,nerds,open,open,2023-03-03,publish
1783,Upside-Down Support,2020-11-20,bee-all|case studies|meta|navel-gazing|rationality|startups,https://padm.us/upsidedown,,dreeves,upsidedown,open,open,2020-11-20,publish
1786,Ice Cream Truck Loopholes,2020-12-03,akrasia|bee-all|best-of|commitment contracts|commitment devices|force majeure|rationality|self-binding|weight loss,https://padm.us/icecream,,dreeves,icecream,open,open,2021-12-16,publish
1790,Beeminder's Achilles Heel,2020-12-16,akrasia|bee-all|competition|PSA|resolutions|road dial|tips|yellow brick road,https://padm.us/achilles,,dreeves,achilles,open,open,2020-12-31,publish
1794,How To Beemind Nebulous Goals,2020-12-29,akrasia|bee-all|case studies|FAQ|productivity porn|rationality|tips,http://padm.us/nebulous,,dreeves,nebulous,open,open,2020-12-29,publish
1796,Death To Lifetime Plans,2021-01-09,bee-all|best-of|FAQ|meta|new features|rationality|startups,https://padm.us/deathtolife,,dreeves,deathtolife,open,open,2021-12-20,publish
1802,Strategy Memo: Beeminder Is Pledge-Focused,2021-01-22,akrasia|bee-all|best-of|meta|money|navel-gazing|startups,https://padm.us/focus,,dreeves,focus,open,open,2021-12-20,publish
1807,The Burgle Bug Fairness Principle,2021-02-04,akrasia|bee-all|best-of|meta|navel-gazing|rationality|startups,http://padm.us/burgle,,dreeves,burglebug,open,open,2021-12-20,publish
1816,Do-Zero Goals Considered Harmful,2021-02-17,akrasia|bee-all|case studies|FAQ|nerdery|productivity porn|PSA|quantified self|self-binding|tips|weight loss,https://padm.us/dozero,,chelsea,dozero,open,open,2021-02-17,publish
1819,What Not To Beemind,2021-03-02,akrasia|bee-all|case studies|FAQ|productivity porn|PSA|quantified self|rationality|tips|weight loss,http://padm.us/dontmind,,chelsea,dontmind,open,open,2021-03-02,publish
1823,Beemind What You Buy,2021-03-13,akrasia|bee-all|best-of|case studies|lifehacks|PSA|rationality|tips,https://padm.us/buyminder,,dreeves,buyminder,open,open,2021-12-20,publish
1827,Contra Positive Reinforcement: Why Beeminder Is A Glutton For Punishment,2021-03-26,akrasia|bee-all|FAQ|meta|navel-gazing|nerdery|psychology|rationality,https://padm.us/contrapositive,,dreeves,contrapositive,open,open,2021-10-30,publish
1830,Bayesian Willpower,2021-04-08,akrasia|bee-all|best-of|commitment devices|nerdery|rationality|science,http://padm.us/bayesianwill,,dreeves,bayes,open,open,2021-12-20,publish
1833,Is Beeminder A Crutch?,2021-04-21,akrasia|bee-all|FAQ|navel-gazing|nerdery|psychology|rationality,https://padm.us/crutch,,dreeves,crutch,open,open,2023-05-10,publish
1837,Beeminder &hearts; CodeCombat,2021-07-26,bee-all|integrations|PSA|rationality|startups,https://padm.us/codecombat,,dreeves,codecombat,open,open,2021-07-27,publish
1839,How To Name Your Goals,2021-05-04,akrasia|bee-all|meta|navel-gazing|PSA|tips,http://padm.us/goalnames,,dreeves,goalnames,open,open,2021-05-07,publish
1846,Incentive Alignment,2021-05-15,akrasia|bee-all|best-of|commitment devices|nerdery|rationality,http://padm.us/incentalign,,dreeves,incentalign,open,open,2021-12-20,publish
1848,"Goodbye Yellow Brick Road, Hello Bright Red Line",2021-05-28,akrasia|bee-all|meta|navel-gazing|PSA|yellow brick road,http://padm.us/brl,,dreeves,brl,open,open,2022-10-03,publish
1851,Beeminder &hearts; Pocket,2021-07-05,bee-all|integrations|PSA|rationality|startups,http://padm.us/pocket,,dreeves,pocket,open,open,2021-07-27,publish
1857,Fake Data Is The Devil,2021-06-10,bee-all|navel-gazing|productivity porn|PSA|quantified self|rationality|tips,https://padm.us/fake,,dreeves,fake,open,open,2021-08-20,publish
1864,Fractional Beeminding,2021-07-02,akrasia|bee-all|case studies|PSA|rationality|tips,http://padm.us/frac,,dreeves,frac,open,open,2021-07-02,publish
1877,Make A Plan To Forget,2021-08-26,bee-all|best-of|lifehacks|productivity porn|PSA|psychology|rationality,https://padm.us/forget,,dreeves,forget,open,open,2021-12-20,publish
1884,Nicky's Ultimate Support Secret: Dogfood,2021-09-08,bee-all|dog food|meta|navel-gazing|startups|tips,http://padm.us/nicky,,shanaqui,nicky,open,open,2021-09-08,publish
1887,Complice's Gloves Come Off: Announcing Micro Commitment Contracts in Complice,2021-09-28,,https://padm.us/microcommitments,,mocean,microcommitments,open,open,2021-09-29,publish
1895,Loss Aversion vs The Endowment Effect,2021-10-12,bee-all|economics|navel-gazing|nerdery|rationality|science,https://padm.us/loss,,dreeves,loss,open,open,2021-10-14,publish
1900,Loss Aversion Aversion,2021-10-30,akrasia|bee-all|best-of|economics|navel-gazing|rationality|science,https://padm.us/aversion,,dreeves,aversion,open,open,2022-10-17,publish
1904,Nicky's Secret To Beeminding Studying: It's About Time,2021-11-12,akrasia|bee-all|case studies|FAQ|get everything done|rationality|tips,https://padm.us/study,,shanaqui,study,open,open,2021-11-12,publish
1913,Calendialing,2021-12-02,bee-all|best-of|meta|PSA|rationality|tips,https://padm.us/calendial,,dreeves,calendial,open,open,2022-11-29,publish
1916,Book Review: How To Change,2021-12-15,bee-all|best-of|buzz|commitment contracts|commitment devices|nerdery|press|psychology|rationality|resolutions|science|self-binding|stickk|tips,https://padm.us/milkman,,dreeves,milkman,open,open,2022-10-17,publish
1918,Beeminder &hearts; Focusmate,2021-12-27,bee-all|integrations|productivity porn|PSA|rationality|startups|tips,https://padm.us/focusmate,,shanaqui,focusmate,open,open,2021-12-27,publish
1926,The Bright Red Staircase,2022-01-26,bee-all|best-of|meta|navel-gazing|nerdery|rationality|stickk|yellow brick road,https://padm.us/cb,,dreeves,staircase,open,open,2022-10-17,publish
1929,Paying Is Not Punishment,2022-02-09,akrasia|bee-all|best-of|navel-gazing|psychology|rationality,http://padm.us/punish,,dreeves,depunish,open,open,2022-10-17,publish
1935,Death To Weaselproofing; Announcing No-Excuses Mode,2022-02-22,akrasia|bee-all|force majeure|new features|rationality|self-binding,https://padm.us/noexcuses,,dreeves,noexcuses,open,open,2022-08-02,publish
1938,Control Systems For Backlogs,2022-03-05,bee-all|case studies|get everything done|productivity porn|PSA|rationality|tips,https://padm.us/control,,dreeves,control,open,open,2022-03-05,publish
1942,Backlog Freshening,2022-03-18,bee-all|case studies|get everything done|productivity porn|PSA|rationality|startups|tips,https://padm.us/freshen,,dreeves,freshen,open,open,2022-05-09,publish
1948,Backlog Freshening For Humans,2022-03-31,bee-all|case studies|get everything done|meta|rationality|tips,https://padm.us/freshenicky,,shanaqui,freshdocs,open,open,2022-03-31,publish
1950,Beeminder &hearts; freeCodeCamp,2022-04-28,akrasia|bee-all|integrations|PSA|rationality,https://padm.us/freecodecamp,,dreeves,freecodecamp,open,open,2022-04-28,publish
1959,Alliterative Alimentation,2022-04-14,akrasia|bee-all|case studies|quantified self|rationality|self-binding|tips|weight loss,https://padm.us/allitimentation,,dreeves,allitimentation,open,open,2022-04-20,publish
1978,Both Sides Now,2022-05-12,bee-all|case studies|dog food|meta|quantified self,https://padm.us/bothsidesnow,,shanaqui,bothsidesnow,open,open,2022-05-12,publish
1980,Beeminder But On The Blockchain?,2022-05-26,akrasia|bee-all|FAQ|money|rationality|startups,https://padm.us/blockchain,,dreeves,blockchain,open,open,2022-06-20,publish
1986,Troubleshooting My Toothbrush,2022-06-09,bee-all|case studies|psychology|self-binding|tips,http://padm.us/toothbrush,,shanaqui,toothbrush,open,open,2022-06-09,publish
1990,Is Beeminder Self-Blackmail?,2022-06-23,akrasia|bee-all|commitment contracts|commitment devices|FAQ|navel-gazing|psychology|rationality,https://padm.us/blackmail,,dreeves,blackmail,open,open,2022-06-23,publish
1999,Beeminder Goes To Copenhagen,2022-07-07,PSA,,,queenbee,copenhagen,open,open,2022-07-07,publish
2005,"A Funny Story About ""Backing Up Your Website""",2022-07-21,bee-all|force majeure|meta|navel-gazing|rationality|startups,http://padm.us/backup,,dreeves,backup,open,open,2022-07-26,publish
2015,Beeminder &hearts; The StoryGraph,2022-08-04,akrasia|bee-all|integrations|nerdery|PSA|quantified self,http://padm.us/storygraph,,shanaqui,storygraph,open,open,2022-08-05,publish
2018,Orange Is The New Red,2022-08-18,akrasia|bee-all|productivity porn|PSA|rationality|tips,https://padm.us/orange,,dreeves,orange,open,open,2022-08-18,publish
2023,Primum Non Amplifico,2022-09-01,akrasia|bee-all|quantified self|rationality|tips|weight loss,https://padm.us/donotgain,,dreeves,donotgain,open,open,2023-03-15,publish
2026,Beeminder vs CBT,2022-09-15,bee-all|case studies|FAQ|psychology|rationality|self-binding|tips,https://padm.us/cbt,,narthur,cbt,open,open,2022-09-23,publish
2032,Psychological Pricing,2022-09-29,bee-all|money|navel-gazing|psychology|rationality|startups,https://padm.us/psychpricing,,dreeves,psychpricing,open,open,2022-10-05,publish
2036,Is Beeminder Too Stressful?,2022-10-13,akrasia|bee-all|FAQ|rationality,https://padm.us/stress,,dreeves,stress,open,open,2022-10-13,publish
2043,When Beeminder Fails,2022-10-27,akrasia|bee-all|navel-gazing|rationality|tips,http://padm.us/fail,,dreeves,fail,open,open,2022-11-01,publish
2049,Announcing RSSminder,2022-11-10,bee-all|case studies|integrations|nerdery|quantified self|rationality,https://padm.us/rssminder,,dreeves,rssminder,open,open,2022-11-10,publish
2053,X-Treme Nerd Interlude: Silky Smooth Beeminder Trend Lines,2022-12-02,bee-all|math|navel-gazing|nerdery|rationality|science,https://padm.us/smoove,,saranli,smooth,open,open,2022-12-02,publish
2055,Kavka's Toxin Puzzle and the Superpower of Commitment Devices,2022-12-16,bee-all|commitment devices|navel-gazing|philosophy|rationality,http://padm.us/toxin,,dreeves,toxin,open,open,2023-02-04,publish
2060,Beeminder &hearts; Beeminder: Introducing the Meta Integration,2022-12-30,bee-all|integrations|meta|navel-gazing|new features|quantified self|weight loss,http://padm.us/metamindblog,,dreeves,metamind,open,open,2023-01-01,publish
2093,Dumbest Hill To Die On: Automating Your Copyright Year is Lies,2023-01-13,bee-all|commitment devices|meta|navel-gazing|rationality|startups,https://padm.us/copyright,,dreeves,copyright,open,open,2023-01-23,publish
2104,Beeminder Making You Do Self-Indulgent Things,2023-01-27,akrasia|bee-all|case studies|lifehacks|rationality|self-binding|tips,https://padm.us/indulge,,dreeves,indulge,open,open,2023-01-27,publish
2110,X-Treme Nerd Interlude: How To Upgrade Your Stripe Checkout Integration In Just Four Easy Years!,2023-02-10,bee-all|meta|navel-gazing|nerdery|new features|startups,https://padm.us/stripe,,queenbee,stripe,open,open,2023-03-04,publish
2115,Beeminder's Plans To Take Over The World,2023-02-24,akrasia|bee-all|meta|navel-gazing|rationality|startups,https://padm.us/world,,dreeves,world,open,open,2023-02-27,publish
2121,Announcement: Signing Up For Beeminder Requires Hard-Committing To Use Beeminder,2023-03-10,akrasia|bee-all|economics|meta|navel-gazing|new features|rationality|startups,https://padm.us/gatewaydrug,,queenbee,gatewaydrug,open,open,2023-03-15,publish
2124,Derailing It Is Nailing It,2023-03-24,akrasia|bee-all|navel-gazing|PSA|psychology|rationality,https://padm.us/nailingit,,shanaqui,nailingit,open,open,2023-03-24,publish
2129,Feature Announcement: Parceling Out Goals Sting-ily,2023-04-13,akrasia|bee-all|FAQ|new features,https://padm.us/blingily,,dreeves,stingily,open,open,2023-04-21,publish
2134,Beeminder &hearts; Lichess,2023-04-27,akrasia|bee-all|integrations|nerdery|PSA|rationality,https://padm.us/lichess,,dreeves,lichess,open,open,2023-05-25,publish
2141,Smithing Your Habits,2023-05-11,akrasia|bee-all|guest posts|lifehacks|productivity porn|PSA|rationality|startups|tips,http://padm.us/datasmithing,,pjpants,datasmithing,open,open,2023-05-11,publish
2149,Beeminder &hearts; trydeepwork.com,2023-05-25,akrasia|bee-all|get everything done|integrations|PSA|rationality|startups,https://padm.us/trydeepwork,,queenbee,trydeepwork,open,open,2023-05-25,publish