ID,display_name
50,"Adam Wolf"
13,alys
15,"Andy Brett"
38,"Lillian Karabaic"
43,"Braden Shepherdson"
42,"Brennan K. Brown"
41,"Bennan K. Brown"
49,"Brent Yorgey"
31,"Chelsea Miller"
29,"Mary Renaud"
23,"Chris Goodman"
58,Clozemaster
55,"David Howell"
3,dreeves
27,"David R. MacIver"
36,"Neil Hughes"
20,"Erica Edelman"
22,"Eric Kidd"
34,"Faire Soule-Reeves"
8,guest
52,"Ivana Kurecic"
30,"Jake Jenkins"
21,"Jess Whittlestone"
19,"Henrik Wist"
24,"Jill Renaud"
39,"Josh Pitzalis"
46,"Kara Timmins"
53,"Kim Harrison"
48,"Kevin McGowan"
59,"Lawrence Evalyn"
26,"Leah Libresco"
35,"Siena Leslie"
63,"Manasvini Krishna"
54,"Marcin Borkowski"
2,melza
45,"Michele Gregoire Gill"
32,"Mirabai Knight"
33,"Malcolm Ocean"
62,"Nathan Arthur"
17,"Nick Winter"
37,"Oliver Mayor"
25,"Pedro Paulo Oliveira Jr."
14,pjf
16,"Philip Hellyer"
64,"Melissa Smith"
1,bsoule
9,robfelty
61,"Uluç Saranlı"
47,"Scott Alexander"
56,shanaqui
51,"Sergii Kalinchuk"
40,"Alex Strick van Linschoten"
7,"The Queen Bee"
28,"Tadeusz Andrzej Kadłubowski"
60,"Thomas Kahn"
18,"Wolf Tivy"
12,wpengine
57,"Zachary Jacobi"
